{
	"categories":
	[
		{
			"name" : "Гафове",
			"categories" : [
			{"id": 526, "name": "Гафове и смях"},
			{"id": 44318, "name": "Хранилка"},
			{"id": 76106, "name": "Nайs, a?!"},
			{"id": 519, "name": "Господари на изборите"},
			{"id": 520, "name": "Изспортен свят"},
			{"id": 530, "name": "Кaто две капки боза"},
			{"id": 515, "name": "Вие ги хващате, ние ги пускаме"},
			{"id": 533, "name": "Господари на прованса"},
			{"id": 540, "name": "Прес просото"},
			{"id": 537, "name": "Рапатрак"},
			{"id": 538, "name": "Изтупано от нафталина"}
		]},
		{
			"name" : "Репоражи",
			"categories" : [
				{"id": 543, "name": "Златен скункс"},
				{"id": 547, "name": "Бяла лястовица"},
				{"id": 544, "name": "Репортажи"},
				{"id": 534, "name": "Пополина VOX"},
				{"id": 84781, "name": "Gospodari.com"},
				{"id": 85695, "name": "Сладки бебета"}
		]},
		{
			"name":"Скечове",
			"categories" : [
				{"id": 56650, "name": "FACEBОЙКО"},
				{"id": 524, "name": "Бай Брадър"},
				{"id": 529, "name": "Калеко Алеко"},
				{"id": 44415, "name": "Алекси Сукалчев"},
				{"id": 525, "name": "Адреналинки"},
				{"id": 521, "name": "Имитатор"},
				{"id": 535, "name": "Тримата в паруамента"},
				{"id": 46200, "name": "Реклами с актьорите"}
		]},
		{
			"name":"Класации",
			"categories" : [
				{"id": 531, "name": "Гледам и не вярвам на ушите си"},
				{"id": 528, "name": "Господар на седмицата"},
				{"id": 511, "name": "Тинтири-минтири"},
				{"id": 510, "name": "На-рояци.ком"}
		]}
	]
}