<?xml version="1.0" encoding="UTF-8" standalone="yes" ?>
<addon id="plugin.video.gospodari" name="Господари на ефира" version="1.1.1" provider-name="HarryGG">
  <requires>
  	<import addon="xbmc.python" version="2.14.0"/>		
		<import addon="script.module.beautifulsoup4" version="4.3.2"/>
		<import addon="script.module.html5lib" version="0.999.0"/>
  </requires>
  <extension point="xbmc.python.pluginsource" library="addon.py">
  	<provides>video</provides>
  </extension>
  <extension point="xbmc.addon.metadata">
  	<summary lang="bg">Добавка за гледане на видео от сайта на Господари на ефира.</summary>
  	<summary lang="en">Addon for watching video from Gospodari.com website</summary>
	<description lang="bg">Добавка за гледане на видео от сайта на Господари на ефира.</description>
	<description lang="en">Addon for watching video from Gospodari.com website</description>  	
  	<disclaimer lang="bg">Някои елементи на тази приставка, може да нямат уредени авторски права в България.</disclaimer>
  	<disclaimer lang="en">Some parts of this addon may not be legal in your country of residence - please check with your local laws before installing.</disclaimer>
  	<language>bg</language>
  	<platform>all</platform>
  	<forum>https://kodibg.org/forum/thread-23.html</forum>
  	<website>https://kodibg.org/forum/thread-23.html</website>
  	<email>harrygg@gmail.com</email>
  </extension>
</addon>
